{
    "min": [
        0.16774203344585814, 
        -0.363656382372475, 
        0.8712807967225962, 
        -0.08352656637070832, 
        -0.3816036720254604, 
        -0.09115326142824098, 
        -0.6284286527333087, 
        -0.1086022115066565, 
        -0.5203575590448329, 
        -0.07134353550144179, 
        -0.4523086595144701, 
        -0.24070857045770533, 
        0.4586969458440364, 
        -0.6432238289471395, 
        -0.5459565857659301, 
        -0.006158897227754201, 
        -0.011552284522587386, 
        0.2606004716840489, 
        -0.3211902250228621, 
        -0.2585158958025551, 
        -0.007363895474195137, 
        -0.5378255116568156, 
        0.053576104919671685, 
        -0.09710871413139344, 
        0.787988110379128, 
        0.28863044792531234, 
        0.042146827338938264, 
        -0.014645171534708679, 
        0.09874936201380358, 
        -0.26796838235494025
    ], 
    "range": [
        18.92323533449882, 
        37.312877843725325, 
        31.071437859125478, 
        28.79153225274061, 
        19.380919793379963, 
        18.53494087526094, 
        19.526194238837075, 
        43.08208534267826, 
        24.30930727411967, 
        22.709191881394105, 
        28.71839344768672, 
        29.98892573929496, 
        34.76970555864496, 
        22.85379039157419, 
        21.811945486532366, 
        14.161119020741783, 
        20.35896892409304, 
        20.900107681648727, 
        26.792428393207793, 
        15.924275797815158, 
        17.07159387515213, 
        18.894623780624002, 
        24.347903110706138, 
        33.292735980879876, 
        16.381463971382157, 
        13.92959567569323, 
        23.6792566734055, 
        19.94132994037241, 
        21.09245017929885, 
        20.013911402058802
    ]
}