{
    "min": [
        -0.1010057958224031, 
        0.1124076318095677, 
        -0.2746724007260356, 
        0.26265974801531633, 
        -0.23355554201958095, 
        -0.45047310064393653, 
        0.003411751443874289, 
        -0.6771493771454778, 
        0.2888807722674158, 
        0.4960478751482682, 
        0.04918117731593874, 
        0.4717639482923479, 
        -0.01686197355600716, 
        -0.2087461060812118, 
        -0.10225945003471937, 
        -0.539969266140091, 
        0.6142046924349294, 
        0.837849014598826, 
        -0.042194215642611166, 
        0.2832463725680603, 
        0.0845675927045455, 
        0.1236409422481568, 
        -0.8164970129799964, 
        -0.5515308543198156, 
        -0.050311350491968554, 
        -0.5363173179782075, 
        0.39929624366578764, 
        -0.040481179418911495, 
        0.1515928822885444, 
        0.09038457407227751, 
        -3.2222222222222223
    ], 
    "range": [
        22.34536524904336, 
        23.137812519593908, 
        27.193866315613583, 
        21.408449356147756, 
        29.148097109626395, 
        39.7590477450279, 
        17.015364006651325, 
        23.53798128307138, 
        20.653959991579296, 
        14.487332146139353, 
        32.346440966710865, 
        20.754594571153557, 
        23.700799017988995, 
        20.14665560899125, 
        18.69827450227512, 
        24.29098641563424, 
        32.568432953685296, 
        18.8980483078504, 
        19.644216064072626, 
        13.789856430131186, 
        29.998640723310093, 
        30.72349640756977, 
        16.084767872015835, 
        40.010304313216594, 
        20.62281347227857, 
        20.624163614712984, 
        20.05009633788523, 
        31.15125753732371, 
        22.9102210346569, 
        15.138052888304726, 
        0.2222222222222222
    ]
}