{
	"model": {
		"Parameters": [
			[2],
			[2],
			[3],
			[0.1],
			[0]
		],
		"nr_class": 2,
		"totalSV": 23,
		"rho": 6.937881698e-06,
		"Label": {
			"_ArrayType_": "double",
			"_ArraySize_": [0,0],
			"_ArrayData_": null
		},
		"sv_indices": [
			[1],
			[7],
			[10],
			[11],
			[12],
			[16],
			[17],
			[21],
			[22],
			[23],
			[26],
			[27],
			[35],
			[36],
			[38],
			[50],
			[55],
			[57],
			[58],
			[59],
			[63],
			[64],
			[80]
		],
		"ProbA": {
			"_ArrayType_": "double",
			"_ArraySize_": [0,0],
			"_ArrayData_": null
		},
		"ProbB": {
			"_ArrayType_": "double",
			"_ArraySize_": [0,0],
			"_ArrayData_": null
		},
		"nSV": {
			"_ArrayType_": "double",
			"_ArraySize_": [0,0],
			"_ArrayData_": null
		},
		"sv_coef": [3.767116597e-06,3.615020805e-06,5.669466726e-06,5.852922398e-06,2.406614776e-06,5.044564223e-06,4.29833059e-07,1.222421915e-06,2.98884082e-06,1.466033486e-06,1.480643723e-06,4.37556811e-06,6.919125363e-06,5.752067604e-06,2.815315483e-06,1.71969104e-06,6.046582411e-06,6.676733068e-06,2.392738897e-06,3.736292935e-06,1.809763609e-06,5.484571237e-07,3.264185829e-06],
		"SVs": [
			[0,0.4308960424,0.570604491,0.4932699754,-0.2585637863,0.3505421147,0.05311503781,0.3564518911,0.6285591846,0.6208125558],
			[0.1333333333,-2.344583641,1.217903795,-0.4358420377,-3.215410206,4.176495185,2.449067607,1.277223454,-1.253122239,-2.013042579],
			[0.1333333333,-5.154049014,3.301911531,-0.7702781619,-4.487508976,5.084544889,4.655718849,2.545139063,-1.107998381,-3.240445416],
			[0.1333333333,-5.341365605,7.261940283,0.06730527817,-6.174367703,5.221722793,6.360706881,-2.301534634,-0.04693795339,-4.221442699],
			[0.1333333333,1.278895916,1.601456771,0.8150850848,-1.518030211,1.197540756,-0.2226769793,-3.429810156,0.3004993119,-0.3851862498],
			[0.1,-2.753495107,4.06893943,-0.5643319762,-7.296502807,7.81037255,3.08345416,0.310110115,-2.238258844,-5.141311383],
			[0.1333333333,0.1827926648,0.2539752688,0.1624216158,-1.270493907,1.820259013,-0.235305931,-0.6457983567,0.1131927942,0.1882788884],
			[0.1,-0.03072910172,0.905464455,0.5034298446,-2.501237309,1.931582023,-1.320690274,-0.4704097541,0.5510092341,0.4660569546],
			[0.1,-0.4740417499,3.361378399,2.323711463,-3.915950657,0.8548024208,-0.8234864915,-0.9293421586,2.647554281,1.884317165],
			[0.1,-0.4334727777,2.780888011,1.613258401,-2.66088001,1.792469268,0.7604938381,-0.3163669344,1.665062207,0.8433123609],
			[0.1,1.220818506,1.491166115,1.207189592,-2.904277264,2.506550993,-0.6234912544,-3.366556569,-0.2483752984,-0.3842168931],
			[0.1,0.2291949591,2.662509252,0.2709842038,-4.389476598,4.915122105,1.227066165,-4.548672465,-0.2778207256,-1.63041643],
			[0.1,5.714907162,6.909798974,-0.5064135837,-5.698124191,5.391951513,-5.719320237,-3.623690223,-1.736429356,-6.408184347],
			[0.1,0.3213612778,4.883954759,-0.72367552,-5.812801342,6.577066627,-0.3780258777,-3.667826508,-0.7779962894,-3.6239678],
			[0.1,-0.1233157589,3.307944722,1.600346881,-3.954359489,1.728725676,-1.121191431,-0.3334384346,2.791518826,1.934390698],
			[0.06666666667,-0.7283989765,0.7606384764,0.5489239815,-0.9796327794,0.06968762932,-0.7486779625,0.1230459077,0.6955381562,0.5727967377],
			[0.1,3.556747366,1.619803135,1.206873951,-1.648595942,0.4838694292,-2.800367213,-4.300221658,1.70818982,1.19362046],
			[0.1,3.115567436,5.210725097,-1.078216869,-7.841384429,9.674440727,-0.9816370667,-5.842055346,-2.07242039,-5.389376131],
			[0.1,-4.666860242,5.515170191,-0.1929033821,-6.126150306,5.959675547,4.916241138,0.6057253269,-1.406700685,-5.129833349],
			[0.1,-4.052714329,5.738721133,-1.422891229,-6.879772187,7.948624127,4.813833259,-1.492390386,-1.170300474,-4.774841657],
			[0.1,0.9310413031,2.363301795,0.7505155944,-3.592120283,3.787502776,-0.1411581839,-4.078712534,-0.3046784493,-1.229992247],
			[0.1,1.040478447,2.886597679,1.853065711,-2.120476544,0.5821378881,-0.8718347467,-2.181303697,1.726947976,0.8357977685],
			[0.1,-2.18471038,1.444634816,-0.01094829939,-3.022851936,3.688119003,2.416596782,0.821256629,-0.4106503112,-0.9242557576]
		]
	}
}
